USE [Stock]
GO
INSERT [dbo].[Stock] ([stockcode], [lastsaleprice]) VALUES (N'AAPL', 150)
INSERT [dbo].[Stock] ([stockcode], [lastsaleprice]) VALUES (N'GOOGL', 200)
INSERT [dbo].[Stock] ([stockcode], [lastsaleprice]) VALUES (N'INTC', 99)
INSERT [dbo].[Stock] ([stockcode], [lastsaleprice]) VALUES (N'MSFT', 100)
INSERT [dbo].[Trader] ([username], [password], [balancecash]) VALUES (N'alguien', N'123456', 80820)
INSERT [dbo].[Trader] ([username], [password], [balancecash]) VALUES (N'yo', N'si', 97452)
INSERT [dbo].[Transaction] ([id], [username], [stockcode], [quantity], [datetime], [status], [type]) VALUES (N'7df2d28a-909a-40f9-9f62-0ce1032dff97', N'alguien', N'AAPL', 1, CAST(N'2016-12-09 17:29:00.437' AS DateTime), N'EXECUTED', N'SELL')
INSERT [dbo].[Transaction] ([id], [username], [stockcode], [quantity], [datetime], [status], [type]) VALUES (N'98ea7cb6-f3ba-4aff-a255-11090cbb0626', N'alguien', N'AAPL', 1, CAST(N'2016-12-09 18:02:30.550' AS DateTime), N'EXECUTED', N'BUY')
INSERT [dbo].[Transaction] ([id], [username], [stockcode], [quantity], [datetime], [status], [type]) VALUES (N'726767f5-199e-4373-b0de-302ce743f590', N'alguien', N'AAPL', 1, CAST(N'2016-12-06 00:59:52.670' AS DateTime), N'EXECUTED', N'BUY')
INSERT [dbo].[Transaction] ([id], [username], [stockcode], [quantity], [datetime], [status], [type]) VALUES (N'f1795e38-5c07-4b80-887d-3751eec42870', N'yo', N'AAPL', 1, CAST(N'2016-12-10 00:50:55.020' AS DateTime), N'EXECUTED', N'BUY')
INSERT [dbo].[Transaction] ([id], [username], [stockcode], [quantity], [datetime], [status], [type]) VALUES (N'24464206-1fc0-4de1-b2c3-3e4fc3b7b4fd', N'alguien', N'AAPL', 1, CAST(N'2016-12-08 00:29:47.677' AS DateTime), N'EXECUTED', N'BUY')
INSERT [dbo].[Transaction] ([id], [username], [stockcode], [quantity], [datetime], [status], [type]) VALUES (N'e08d1a4e-93a6-48e0-a9f1-405497c28811', N'alguien', N'AAPL', 1, CAST(N'2016-12-07 23:39:54.680' AS DateTime), N'EXECUTED', N'SELL')
INSERT [dbo].[Transaction] ([id], [username], [stockcode], [quantity], [datetime], [status], [type]) VALUES (N'03dce74b-4cd0-4b0e-8edd-407c289b5415', N'alguien', N'AAPL', 1, CAST(N'2016-12-09 17:32:43.827' AS DateTime), N'EXECUTED', N'SELL')
INSERT [dbo].[Transaction] ([id], [username], [stockcode], [quantity], [datetime], [status], [type]) VALUES (N'73081733-9cd1-4a3b-8db3-45a4800a2382', N'alguien', N'AAPL', 1, CAST(N'2016-12-07 22:02:01.193' AS DateTime), N'EXECUTED', N'BUY')
INSERT [dbo].[Transaction] ([id], [username], [stockcode], [quantity], [datetime], [status], [type]) VALUES (N'1e30c2dd-0b0f-4e90-8d1d-4caee14cae90', N'alguien', N'AAPL', 1, CAST(N'2016-12-09 18:14:34.710' AS DateTime), N'EXECUTED', N'BUY')
INSERT [dbo].[Transaction] ([id], [username], [stockcode], [quantity], [datetime], [status], [type]) VALUES (N'4a13bf92-ecc8-4ebc-a669-5317a5892fab', N'yo', N'AAPL', 10, CAST(N'2016-12-08 01:06:04.240' AS DateTime), N'EXECUTED', N'BUY')
INSERT [dbo].[Transaction] ([id], [username], [stockcode], [quantity], [datetime], [status], [type]) VALUES (N'2a9ddfc8-91a8-497c-8ab3-57e2b0701986', N'alguien', N'AAPL', 1, CAST(N'2016-12-09 17:33:10.600' AS DateTime), N'EXECUTED', N'SELL')
INSERT [dbo].[Transaction] ([id], [username], [stockcode], [quantity], [datetime], [status], [type]) VALUES (N'a47d3125-83ea-4015-8097-5f29c3bde52e', N'alguien', N'AAPL', 1, CAST(N'2016-12-07 23:39:35.627' AS DateTime), N'EXECUTED', N'SELL')
INSERT [dbo].[Transaction] ([id], [username], [stockcode], [quantity], [datetime], [status], [type]) VALUES (N'2e9d044f-b245-46c1-b69a-6acff4e4f7ed', N'yo', N'MSFT', 1, CAST(N'2016-12-08 01:07:33.850' AS DateTime), N'EXECUTED', N'BUY')
INSERT [dbo].[Transaction] ([id], [username], [stockcode], [quantity], [datetime], [status], [type]) VALUES (N'4b69f2d8-4ff1-4223-942f-7fb5253a0610', N'yo', N'MSFT', 1, CAST(N'2016-12-08 01:08:37.477' AS DateTime), N'EXECUTED', N'BUY')
INSERT [dbo].[Transaction] ([id], [username], [stockcode], [quantity], [datetime], [status], [type]) VALUES (N'69b950be-729b-49c2-902a-80648411b3ba', N'alguien', N'AAPL', 1, CAST(N'2016-12-06 01:08:57.757' AS DateTime), N'EXECUTED', N'BUY')
INSERT [dbo].[Transaction] ([id], [username], [stockcode], [quantity], [datetime], [status], [type]) VALUES (N'310b03ff-7256-407f-845e-82d1b1343212', N'alguien', N'AAPL', 1, CAST(N'2016-12-08 00:29:56.647' AS DateTime), N'EXECUTED', N'BUY')
INSERT [dbo].[Transaction] ([id], [username], [stockcode], [quantity], [datetime], [status], [type]) VALUES (N'b4e85197-20ab-45fc-94ec-87ee36024816', N'yo', N'AAPL', 1, CAST(N'2016-12-10 01:44:51.250' AS DateTime), N'EXECUTED', N'BUY')
INSERT [dbo].[Transaction] ([id], [username], [stockcode], [quantity], [datetime], [status], [type]) VALUES (N'ef591a03-391b-46bb-9c75-87f22a31ea01', N'yo', N'GOOGL', 1, CAST(N'2016-12-08 01:18:24.997' AS DateTime), N'EXECUTED', N'BUY')
INSERT [dbo].[Transaction] ([id], [username], [stockcode], [quantity], [datetime], [status], [type]) VALUES (N'387d214e-4a0f-49ed-98ca-8d7d9eea1e82', N'alguien', N'AAPL', 1, CAST(N'2016-12-09 17:29:25.680' AS DateTime), N'EXECUTED', N'SELL')
INSERT [dbo].[Transaction] ([id], [username], [stockcode], [quantity], [datetime], [status], [type]) VALUES (N'989cbce6-0508-4afb-94a8-97f8a1944c16', N'yo', N'AAPL', 1, CAST(N'2016-12-10 00:50:40.197' AS DateTime), N'EXECUTED', N'SELL')
INSERT [dbo].[Transaction] ([id], [username], [stockcode], [quantity], [datetime], [status], [type]) VALUES (N'71575011-f048-4e9c-a788-9ea145278d8e', N'alguien', N'AAPL', 1, CAST(N'2016-12-09 17:32:59.280' AS DateTime), N'EXECUTED', N'SELL')
INSERT [dbo].[Transaction] ([id], [username], [stockcode], [quantity], [datetime], [status], [type]) VALUES (N'bb16f792-8513-452c-8a7b-9fcfabc19c52', N'alguien', N'AAPL', 1, CAST(N'2016-12-07 22:46:03.647' AS DateTime), N'EXECUTED', N'BUY')
INSERT [dbo].[Transaction] ([id], [username], [stockcode], [quantity], [datetime], [status], [type]) VALUES (N'a7907619-ddba-4eb0-806a-9ff75a406959', N'alguien', N'AAPL', 1, CAST(N'2016-12-06 01:09:39.500' AS DateTime), N'EXECUTED', N'SELL')
INSERT [dbo].[Transaction] ([id], [username], [stockcode], [quantity], [datetime], [status], [type]) VALUES (N'ee775ec8-ad47-4266-ac39-a1e82bf8d0c2', N'alguien', N'AAPL', 1, CAST(N'2016-12-07 23:00:13.060' AS DateTime), N'EXECUTED', N'BUY')
INSERT [dbo].[Transaction] ([id], [username], [stockcode], [quantity], [datetime], [status], [type]) VALUES (N'f6ef3ca5-f966-4ff6-b9de-a7514782ce0e', N'alguien', N'AAPL', 1, CAST(N'2016-12-06 01:01:21.583' AS DateTime), N'EXECUTED', N'BUY')
INSERT [dbo].[Transaction] ([id], [username], [stockcode], [quantity], [datetime], [status], [type]) VALUES (N'd463455a-b144-41f9-8e27-afe5e25594e9', N'yo', N'GOOGL', 1, CAST(N'2016-12-08 01:12:19.260' AS DateTime), N'EXECUTED', N'BUY')
INSERT [dbo].[Transaction] ([id], [username], [stockcode], [quantity], [datetime], [status], [type]) VALUES (N'6a2f1058-41d7-4f3a-a6b5-b374f532614f', N'alguien', N'AAPL', 1, CAST(N'2016-12-09 18:04:54.953' AS DateTime), N'EXECUTED', N'BUY')
INSERT [dbo].[Transaction] ([id], [username], [stockcode], [quantity], [datetime], [status], [type]) VALUES (N'fb8ea736-0c5a-490e-b1f6-bb5bc53c1f06', N'alguien', N'AAPL', 1, CAST(N'2016-12-09 17:27:32.640' AS DateTime), N'EXECUTED', N'SELL')
INSERT [dbo].[Transaction] ([id], [username], [stockcode], [quantity], [datetime], [status], [type]) VALUES (N'784cedc3-f375-4a53-bfeb-c39058439683', N'alguien', N'GOOGL', 2, CAST(N'2016-12-05 23:01:18.410' AS DateTime), N'LISTO', N'SELL')
INSERT [dbo].[Transaction] ([id], [username], [stockcode], [quantity], [datetime], [status], [type]) VALUES (N'5865ef7c-749e-41ee-bd18-c47e3d4bf979', N'alguien', N'MSFT', 1, CAST(N'2016-12-05 23:01:06.523' AS DateTime), N'LISTO', N'SELL')
INSERT [dbo].[Transaction] ([id], [username], [stockcode], [quantity], [datetime], [status], [type]) VALUES (N'99053a85-9213-4116-a35b-c51134232319', N'yo', N'INTC', 1, CAST(N'2016-12-08 01:12:42.977' AS DateTime), N'EXECUTED', N'BUY')
INSERT [dbo].[Transaction] ([id], [username], [stockcode], [quantity], [datetime], [status], [type]) VALUES (N'edd8297d-8e90-46a8-93e4-d56da5b8e949', N'alguien', N'AAPL', 1, CAST(N'2016-12-06 01:08:01.520' AS DateTime), N'EXECUTED', N'BUY')
INSERT [dbo].[Transaction] ([id], [username], [stockcode], [quantity], [datetime], [status], [type]) VALUES (N'f0d56885-0183-440e-ad64-de66e5bab2b9', N'yo', N'INTC', 1, CAST(N'2016-12-08 01:06:09.350' AS DateTime), N'EXECUTED', N'BUY')
INSERT [dbo].[Transaction] ([id], [username], [stockcode], [quantity], [datetime], [status], [type]) VALUES (N'95230de8-1813-41d4-86f1-e76ef0f2c2a5', N'yo', N'MSFT', 1, CAST(N'2016-12-08 01:12:53.763' AS DateTime), N'EXECUTED', N'BUY')
INSERT [dbo].[Transaction] ([id], [username], [stockcode], [quantity], [datetime], [status], [type]) VALUES (N'c7e0352a-0239-4b02-bc00-e7cc8d0da69f', N'yo', N'AAPL', 1, CAST(N'2016-12-08 01:16:37.650' AS DateTime), N'EXECUTED', N'BUY')
INSERT [dbo].[Transaction] ([id], [username], [stockcode], [quantity], [datetime], [status], [type]) VALUES (N'4279a13d-6b29-47b3-a712-efba929ab0b0', N'alguien', N'AAPL', 1, CAST(N'2016-12-07 23:03:12.997' AS DateTime), N'EXECUTED', N'BUY')
INSERT [dbo].[Transaction] ([id], [username], [stockcode], [quantity], [datetime], [status], [type]) VALUES (N'65363b4c-7c64-4bc4-a73b-fb934fc6fb79', N'alguien', N'AAPL', 1, CAST(N'2016-12-07 23:02:04.950' AS DateTime), N'EXECUTED', N'BUY')
INSERT [dbo].[Transaction] ([id], [username], [stockcode], [quantity], [datetime], [status], [type]) VALUES (N'031b759e-f93e-49ec-ba26-fcae05524c15', N'alguien', N'AAPL', 1, CAST(N'2016-12-10 01:46:57.507' AS DateTime), N'EXECUTED', N'SELL')
INSERT [dbo].[Transaction] ([id], [username], [stockcode], [quantity], [datetime], [status], [type]) VALUES (N'74ad1c12-2577-466c-98fd-fd9ba40b38ce', N'alguien', N'MSFT', 1, CAST(N'2016-12-10 01:46:40.207' AS DateTime), N'EXECUTED', N'BUY')
INSERT [dbo].[Transaction] ([id], [username], [stockcode], [quantity], [datetime], [status], [type]) VALUES (N'1615ab73-bcea-4230-93f5-ff393d4942ed', N'yo', N'AAPL', 1, CAST(N'2016-12-10 01:44:41.010' AS DateTime), N'EXECUTED', N'SELL')
INSERT [dbo].[Portfolio] ([username], [stockcode], [quantity], [totalcost], [id]) VALUES (N'alguien', N'AAPL', 2, 300, N'2df6c8af-fe5a-4c88-aa2d-2c74ad4020c4')
INSERT [dbo].[Portfolio] ([username], [stockcode], [quantity], [totalcost], [id]) VALUES (N'alguien', N'MSFT', 2, 200, N'c39ee4d6-b31d-4946-a442-615e7da23d80')
INSERT [dbo].[Portfolio] ([username], [stockcode], [quantity], [totalcost], [id]) VALUES (N'yo', N'AAPL', 11, 1650, N'32f0d242-4ab1-4f12-ae1d-a5157aca5b2b')
INSERT [dbo].[Portfolio] ([username], [stockcode], [quantity], [totalcost], [id]) VALUES (N'yo', N'INTC', 2, 198, N'45eb3ace-f81a-4118-982c-b609e261e6c6')
INSERT [dbo].[Portfolio] ([username], [stockcode], [quantity], [totalcost], [id]) VALUES (N'yo', N'MSFT', 3, 300, N'f8e13f59-574a-412c-963c-bcbd30138d12')
INSERT [dbo].[Portfolio] ([username], [stockcode], [quantity], [totalcost], [id]) VALUES (N'alguien', N'GOOGL', 2, 100000, N'0f91f410-becd-4824-be13-ccab09b35b42')
INSERT [dbo].[Portfolio] ([username], [stockcode], [quantity], [totalcost], [id]) VALUES (N'yo', N'GOOGL', 2, 400, N'63f61953-5c88-45a3-ab00-d265419ce2b3')
